"Portal","Job Title","Company","URL","About the job","Pay","Location","Summary","Requirements","Responsibilities","Benefits","Scraped At"
"Remotive","Freelance Copywriter","Coalition Technologies","https://remotive.com/remote-jobs/writing/freelance-copywriter-1749306","CT Marketing Agency is seeking skilled Freelance Copywriters to write high-quality, SEO-driven content for eCommerce and lead generation websites. This is a freelance, project-based writing role.

The ideal candidate has excellent English writing skills, strong research ability, and experience writing content that follows detailed, client-specific guidelines. Projects commonly include category pages, product descriptions, blog posts, SEO landing pages, and website copy.","$20k -$35k","Worldwide","Our client base is constantly evolving, and writers may create content across a wide range of industries, including:

Fashion, including mass-market and luxury brands

Skincare and beauty

Tech and software

Finance and investing

Law, including family law, divorce, and product liability

Education

Home improvement

Automobiles and motorcycles

Health and wellness

Medical and clinical fields

Digital marketing

SEO, PR, advertising, and marketing

Writers with experience in highly specialized industries such as tech, finance, law, health, medical, SEO, PR, advertising, or marketing are strongly encouraged to apply.","Excellent English writing, grammar, editing, and proofreading skills

2 to 4 years of professional, non-academic writing experience preferred

Strong understanding of SEO writing best practices

Ability to research unfamiliar industries and technical topics

Ability to write creative, engaging, accurate, and ROI-focused content

Portfolio featuring published work preferred

Experience in specialized industries strongly preferred

Compensation

Writers are paid on a per-word basis. Rates are assessed according to our KPI rubric.

Initial compensation is up to $0.06 per word, with $0.034 per word being the most typical rate

This equals approximately $30 or $17 per 500-word page

After 400 live pages, the top rate increases to $0.064 per word, with $0.038 per word being the most typical rate

After 800 live pages, the top rate increases to $0.07 per word, with $0.044 per word being the most typical rate

Application Process

Candidates should be prepared to provide a portfolio featuring published work. Once an offer is extended, writers will complete a brief training course.","Write clear, engaging, SEO-friendly content for eCommerce and lead generation websites

Create category pages, product descriptions, blog posts, landing pages, and website copy

Research client industries, products, services, audiences, and competitors

Follow detailed client guidelines and adapt to different brand voices

Blend SEO best practices with brand priorities and conversion-focused writing

Complete assignments by deadline and communicate professionally with the team","","2026-08-05T06:36:00.183658+00:00"
"Remotive","Senior Graphic Designer","Lemon.io","https://remotive.com/remote-jobs/design/senior-graphic-designer-2091081","Are you a talented Senior Designer looking for a remote job that lets you show your skills and get decent compensation? Look no further than 
Lemon.io
 — the marketplace that connects you with hand-picked startups in the US and Europe.","","Americas, Europe, Asia, Africa, Oceania","Are you a talented Senior Designer looking for a remote job that lets you show your skills and get decent compensation? Look no further than 
Lemon.io
 — the marketplace that connects you with hand-picked startups in the US and Europe.","5+ years of experience in Graphic Design

5+ years of commercial experience with Adobe Creative Suite & Adobe Illustrator

Other requirements:

Strong design craft
 — as a Senior Designer, you're expected to build polished, production-ready work from scratch, with a solid grasp of design systems, component architecture, and how your decisions translate into real product or brand outcomes.

Clear and confident communication in English
 — advanced ability to discuss creative briefs, defend design decisions, and flag blockers early. Strong self-presentation is essential, particularly on client calls.

High ownership, zero hand-holding
 — you thrive working full-time remotely, manage your own time, and consistently hit deadlines without being chased.

Reliability
 — we need to trust you completely. If you commit to something, you deliver it. If something changes, you communicate early.

Fast ramp-up
 — you can absorb project context quickly, align with existing style guides or brand directions, and start producing valuable work within the first days, not weeks.

NOT YOUR TECH STACK?

We have a variety of projects, so if you have 4+ years of commercial software development experience and are proficient in AI Agent Architecture, AI Automation Architecture, AI Engineering, Site Reliability Engineering, Platform Engineering, React & Python, React & Golang, Golang, React & Java, React & Ruby, Ruby, PHP & Vue, Vue & Node.js, React & .NET, Android & iOS, iOS & Swift, Flutter & Dart, Blockchain (Ethereum/Ethers.js/Wagmi/Viem/Solana), Angular & Node.js, Vue & .NET, Python & Vue, DevOps, MLOps, Data Science, Angular & PHP, Angular & .NET, Symfony & React, Symfony & Vue, Symfony & Angular, Python, Symfony & JavaScript & Next.js & TypeScript, Data Analysis, React & PHP, Data Engineering, Project Management, Product Management, QA Automation, QA Manual, Embedded Software Engineering, React Native & Node, React Native & React, React Native & Ruby, React Native & Python, WordPress, An","","The rate depends on your skills and experience. We've already paid out over $11M to our engineers & designers
.

No more hunting for clients or negotiating rates — let us handle the business side of things so you can focus on what you do best.

Choose a schedule that works best for you. It’s possible to communicate async or minimally overlap within team working hours.

We respect your seniority so you can expect no micromanagement or screen trackers.

Communicate directly with the clients. Sounds good, yeah?

Most of our projects involve working in a fast-paced startup environment. We hope you like it as much as we do.","2026-08-05T06:36:00.188037+00:00"
"Remotive","Data Labeling Specialists","Workada","https://remotive.com/remote-jobs/data/data-labeling-specialists-2090903","Who We Are
Workada creates high-quality labeled data for advanced technology systems. Our team reviews, organizes, categorizes, evaluates, and quality-checks digital content so those systems can better understand information and perform real-world tasks.
We believe careful data work matters. Every reviewed item, categorized example, and quality-checked task helps improve how technology interprets information, follows instructions, and responds in practical settings.
About You
We're hiring detail-oriented individuals who are comfortable working on a computer and interested in careful, focused digital work. We're especially interested in:

People who can carefully review written information, images, documents, or other digital content

Strong readers and writers with good judgment

People who can follow detailed instructions consistently

Individuals who are comfortable using web-based tools and online platforms

People who take quality seriously and can spot mistakes or inconsistencies

Those who enjoy focused, independent work while contributing to a larger project

Strong character matters — we value integrity, reliability, curiosity, and a commitment to high-quality work","$18 - $22/hr","USA","Who We Are
Workada creates high-quality labeled data for advanced technology systems. Our team reviews, organizes, categorizes, evaluates, and quality-checks digital content so those systems can better understand information and perform real-world tasks.
We believe careful data work matters. Every reviewed item, categorized example, and quality-checked task helps improve how technology interprets information, follows instructions, and responds in practical settings.
About You
We're hiring detail-oriented individuals who are comfortable working on a computer and interested in careful, focused d","Comfortable using a computer for extended periods

Reliable internet connection

Strong attention to detail

Ability to follow written guidelines and project instructions

Clear written communication skills

Basic familiarity with spreadsheets, online forms, or web-based work tools

Ability to work independently and meet deadlines

Prior experience in data labeling, annotation, quality review, research, writing, customer support, operations, or administrative work is helpful but not required

Compensation
Compensation is $18- $22 an hour and a max of 40 hours a week.
A Place to Do Meaningful Work
Data labeling may sound simple, but it plays an important role in improving the technology people use every day. At Workada, your work helps create the examples and feedback that make advanced systems more accurate, consistent, and useful.
We're looking for people who care about accuracy, consistency, and careful judgment. Whether you're reviewing text, categorizing information, evaluating responses, or checking data quality, your work helps improve the way technology performs.","","","2026-08-05T06:36:00.191121+00:00"
"Remotive","Business Development Representative","Outsite","https://remotive.com/remote-jobs/sales/business-development-representative-2091075","## About Outsite

Outsite is a global coliving company for remote workers — hotel-quality service, extended-stay flexibility, and a built-in community, at the intersection of hospitality and lifestyle. We operate 40+ properties across 21+ cities on 5 continents, with 6,000+ verified members and an NPS of 65.

## About Outsite for Teams

Outsite for Teams is Outsite's B2B expansion — giving companies, teams, and communities access to our global network of coliving and coworking spaces for their employees. Rather than a bulk discount, we position it as a meaningful perk: founders and leaders purchase memberships on behalf of their team, and a dedicated account manager keeps them active and engaged. This is a genuine growth priority for the business, and you'll be one of the first dedicated sales hires driving it.

## Role Overview

We're hiring a Business Development Representative to build and run outbound sales for Outsite for Teams. You'll identify and prospect the right companies, run discovery calls, and close new business — turning remote-first startups, distributed teams, and growth-stage companies into long-term Outsite for Teams accounts.

This is a highly autonomous, build-it-yourself role. You'll help shape the outbound playbook, not just execute someone else's.

## Key Responsibilities

### 1. Prospecting & Outbound

- Build and work target lists of remote-first and hybrid companies, using signals like team size (50–500), remote/hybrid language in company descriptions, and titles such as Head of People, Chief of Staff, VP of Operations, or Founder

- Source leads via LinkedIn Sales Navigator, Wellfound/AngelList, Crunchbase, remote job boards (We Work Remotely, Remote.co), and Outsite's own member base

- Run cold outbound via email, LinkedIn, and calls, and continuously test and refine messaging

- Reach out to local companies near Outsite locations to sell business travel and corporate stay packages

- Build partnerships with travel agencies and tour operators to generate referral and bundled-stay opportunities

### 2. Sales & Pipeline Management

- Run discovery calls to understand a prospect's team, travel patterns, and remote work culture

- Own the full sales cycle from first touch to close

- Keep the CRM clean and current — every deal staged, every next step logged

- Forecast pipeline accurately and hit monthly/quarterly new business targets

### 3. Collaboration & Handoff

- Partner with the Head of Marketing on positioning, collateral, and campaigns that support outbound

- Hand off closed accounts cleanly to the account management side, with full context on the client's goals

- Share market feedback — what's resonating, what isn't — to sharpen Outsite for Teams' pitch and ICP over time

### 4. Reporting

- Report weekly on pipeline: volume, stage, conversion, and blockers

- Track and share what's working in outbound so it can be systematized

## Required Skills & Experience

- 1+ years of B2B sales or business development experience (SDR/BDR background a plus)

- Confident, consultative communicator — comfortable running discovery calls with founders and People leaders

- Self-starter who's built pipeline from scratch, not just worked warm leads

- Able to work autonomously and independently 

- Comfortable with taking initiative and being proactive 

- Comfortable working European timezone hours

- Strong written communication — outbound copy is part of the job

- Organized; keeps a CRM honest without being told to

- Comfortable using AI in workflow

## Nice to Have

- Experience selling to remote-first or distributed teams

- Familiarity with Pipedrive or HubSpot

- Existing network in the startup, remote work, or travel/hospitality space

- Experience selling a membership, subscription, or perk-style product

## What Success Looks Like (First 90 Days)

- A working, documented outbound playbook (lists, messaging, cadence)

- A full and accurately-staged pipeline in the CRM

- First qualified meetings","$45,000 - $50,000","Northern America, Europe, UK, France, European timezones","## About Outsite

Outsite is a global coliving company for remote workers — hotel-quality service, extended-stay flexibility, and a built-in community, at the intersection of hospitality and lifestyle. We operate 40+ properties across 21+ cities on 5 continents, with 6,000+ verified members and an NPS of 65.

## About Outsite for Teams

Outsite for Teams is Outsite's B2B expansion — giving companies, teams, and communities access to our global network of coliving and coworking spaces for their employees. Rather than a bulk discount, we position it as a meaningful perk: founders and leaders pur","","","","2026-08-05T06:36:00.200076+00:00"
"Remotive","Content Reviewer - United States","TELUS Digital","https://remotive.com/remote-jobs/all-others/content-reviewer-united-states-2091074","We are looking for an independent, flexible, remote opportunity where you can help improve AI-powered search technology from the comfort of your home? If you're curious, internet-savvy, and enjoy evaluating online content, this freelance project could be a great fit.

A Day in the Life of a Content Reviewer - US

In this role, you will analyze and provide feedback on text, webpages, images, and other types of online content for leading search engines using a specialized online platform.

By reviewing and rating search results for relevance and quality, you will help improve the overall search experience for millions of users around the world, including yourself.

Join our global community and put your skills to work supporting one of the world's leading search technologies.

Service Rates 

The estimated hourly earnings for this role are 14 USD per hour. 
Compensation is based on tasks completed and project availability. Estimated earnings may vary depending on task volume and program requirements including, quality, and productivity, in accordance with the program's quality standards and guidelines.

Please note that only one member per household may participate in this program. If it is identified that more than one person from the same household is participating in the TELUS Digital Rating Program, all associated accounts may be removed from the program.

Independent Contractor Relationship

This opportunity is offered on an independent contractor basis. Contributors have the flexibility to choose when and how much they work, subject to project availability and quality requirements. This opportunity is not and should not be construed as creating an employment relationship with TELUS Digital.

Qualification path

No previous professional experience is required to apply for this opportunity. However, participation in this project requires meeting the basic requirements and successfully completing the qualification process.

Basic Requirements

• Excellent written and verbal communication skills in English

• Must have resided in the United States for the past three consecutive years

• Familiarity with current and historical business, media, sports, news, social media, and cultural affairs in the United States

• Active use of Gmail and social media platforms

• Experience using web browsers to navigate and interact with a variety of online content

• Daily access to a reliable broadband internet connection

• Access to a smartphone (Android 5.0 or higher, or iOS 14 or higher)

• Access to a personal computer

Assessment

To join the program as an independent contractor, you will complete a language assessment, an open-book qualification exam, and an identity verification process.

The exam must be completed within a specified timeframe, but you may do so at your convenience.","$14/hr","USA","We are looking for an independent, flexible, remote opportunity where you can help improve AI-powered search technology from the comfort of your home? If you're curious, internet-savvy, and enjoy evaluating online content, this freelance project could be a great fit.

A Day in the Life of a Content Reviewer - US

In this role, you will analyze and provide feedback on text, webpages, images, and other types of online content for leading search engines using a specialized online platform.

By reviewing and rating search results for relevance and quality, you will help improve the overall search ","","","","2026-08-05T06:36:00.207450+00:00"
